,year,N1,N10,N11,N12,N13,N14,N15,N16,N17,N18,N19,N2,N20,N3,N4,N5,N6,N7,N8,N9,N_isotopes,BB1,BB11,BB14,BB15,BB18,BB2,BB3,BB4,BB5,BB6,MRE1,MRE10,MRE11,MRE13,MRE14,MRE15,MRE16,MRE17,MRE18,MRE19,MRE2,MRE20,MRE3,MRE4,MRE5,MRE6,MRE7,MRE8,MRE9,MRW1,MRW11,MRW13,MRW14,MRW15,MRW16,MRW17,MRW18,MRW19,MRW20,MRW21,MRW22,MRW23,MRW4,MRW5,MRW6,MRW7,MRW8,MRW9,MRW_isotopes,R1,R10,R12,R13,R14,R15,R16_x,R17,R18,R19,R2_x,R20,R6,R7,R_isotopes,N,R16_y,R2_y,Rpooled,MRW
0,1897,,,,,1671.556,,,,,,,,,,,,,,,,1671.556,,,,,,,,,,,,,,,,,,,,,,,,,,,,,,,,,,,,,,,,,,,,,,,,,,,,,,,,,,,,,,,,,,,,,
1,1898,,,,,1991.926351,,,,,,,,,,,,,,,,1991.926351,,,,,,,,,,,,,,,,,,,,,,,,,,,,,,,,,,,,,,,,,,,,,,,,,,,,,,,,,,,,,,,,,,,,,
2,1899,,,,,1219.381071,,,,,,,,,,,,,,,,1219.381071,,,,,,,,,,,,,,,,,,,,,,,,,,,,,,,,,,,,,,,,,,,,,,,,,,,,,,,,,,,,,,,,,,,,,
3,1900,,,,,1520.380016,,,,,,,,,,,,,,,,1520.380016,,,,,,,,,,,,,,,,,,,,,,,,,,,,,,,,,,,,,,,,,,,,,,,,,,,,,,,,,,,,,,,,,,,,,
4,1901,,,,,1676.831393,,,,,,,,,,,,,,,,1676.831393,,,,,,,,,,,,,,,,,,,,,,,,,,,,,,,,,,,,,,,,,,,,,,,,,,,,,,,,,,,,,,,,,,,,,
5,1902,,,,,1844.023247,,,,,,,,,,,,,,,,1844.023247,,,,,,,,,,,,,,,,,,,,,,,,,,,,,,,,,,,,,,,,,,,,,,,,,,,,,,,,,,,,,,,,,,,,,
6,1903,,,,,1907.649609,,,,,,,,,,,,,,,,1907.649609,,,,,,,,,,,,,,,,,,,,,,,,,,,,,,,,,,,,,,,,,,,,,,,,,,,,,,,,,,,,,,,,,,,,,
7,1904,,,,,1993.675464,,,,,,,,,,,,,,,,1993.675464,,,,,,,,,,,,,,,,,,,,,,,,,,,,,,,,,,,,,,,,,,,,,,,,,,,,,,,,,,,,,,,,,,,,,
8,1905,,,,,1892.233531,,,,,,,,,,,,,,,,1892.233531,,,,,,,,,,,,,,,,,,,,,,,,,,,,,,,,,,,,,,,,,,,,,,,,,,,,,,,,,,,,,,,,,,,,,
9,1906,,,,,2197.376426,,,,,,,,,,,,,,,,2197.376426,,,,,,,,,,,,,,,,,,,,,,,,,,,,,,,,,,,,,,,,,,,,,,,,,,,,,,,,,,,,,,,,,,,,,
10,1907,,,,,1716.671092,,,,,,,,,,,,,1691.015527,,,1703.84331,,,,,,,,,,,,,,,,,,,,,,,,,,,,,,,,,,,,,,,,,,,,,,,,,,,,,,,,,,,,,,,,,,,,,
11,1908,,,,,1060.571269,,,,,,,,,,,,,2401.048139,,,1730.809704,,,,,,,,,,,,,,,,,,,,,,,,,,,,,,,,,,,,,,,,,,,,,,,,,,,,,,,,,,,,,,,,,,,,,
12,1909,,,,,1672.724327,,,,,,,,,,,5065.309216,,2523.895219,,,3087.309587,,,,,,,,,,,,,,,,,,,,,,,,,,,,,,,,,,,,,,,,,,,,,,,,,,,,,,,,,,,,,,,,,,,,,
13,1910,,,,,1218.61069,,,,,,,,,,,6219.809173,,1167.607153,,,2868.675672,,,,,,,,,,,,,,,,,,,,,,,,,,,,,,,,,,,,,,,,,,,,,,,,,,,,,,,,,,,,,,,,,,,,,
14,1911,,,,,2628.289715,,,,,,,,,,,5674.111388,,1572.185602,,,3291.528901,,,,,,,,,,,,,,,,,,,,,,,,,,,,,,,,,,,,,,,,,,,,,,,,,,,,,,,,,,,,,,,,,,,,,
15,1912,,,,,1290.52228,,,,,,,,,,,4830.216141,,1599.359939,,,2573.36612,,,,,427.2670938,,,,,,,,,,,,,,,,,,,,,,,,,,,,,,,,,,,,,,,,,,,,,,,,,,,,,,,,,,,,,,,,
16,1913,,,,,1315.655021,,,,,,,,,,,2541.990636,,1368.838917,,,1742.161525,,,,,559.8148463,,,,,,,,,,,,,,,,,,,,,,,,,,,,,,,,,,,,,,,,,,,,,,,,,,,,,,,,,,,,,,,,
17,1914,,,,,1700.309081,,,,,,,,,,,1957.862376,,1623.320803,,,1760.49742,,,,,964.8481977,,,,,,,,,,,,,,,,,,,,,,,,,,,,,,,,,,,,,,,,,,,,,,,,,,,,,,,,,,,,,,,,
18,1915,,,,,1054.661619,,,,,,,,,,,1935.180391,,1651.70459,,,1547.1822,,,,,1094.348008,,,,,,,,,,,,,,,,,,,,,,,,,,,,,,,,,,,,,,,,,,,,,,,,,,,,,,,,,,,,,,,,
19,1916,,,,,1090.54643,,,,,,,,,,,1591.276998,,1484.617162,,,1388.81353,,,,,1338.257366,,,,,,,,,,,,,,,,,,,,,,,,,,,,,,,,,,,,,,,,,,,,,,,,,,,,,,,,,,,,,,,,
20,1917,,,,,1212.516409,,,,,,,,,,,1509.498356,,2597.590009,,,1773.201591,,,,,1381.891889,,,,,,,,,,,,,,,,,,,,,,,,,,,,,,,,,,,,,,,,,,,,,,,,,,,,,,,,,,,,,,,,
21,1918,,,,,1267.170539,,,,,,,,,,,2319.712746,4169.961467,1995.593438,,,1860.825574,,,,,958.3316863,,,,,,,,,,,,,,,,,,,,,,,,,,,,,,,,,,,,,,,,,,,,,,,,,,,,,,,,,,,,,,,,
22,1919,,,,,724.6177703,,,,,,,,,,,3227.401016,3730.566129,1827.721806,,,1926.580197,,,,,1087.771398,,,,,,,,,,,,,,,,,,,,,,,,,,,,,,,,,,,,,,,,,,,,,,,,,,,,,,,,,,,,,,,,
23,1920,,,,,1135.574689,,,,,,,,,,,3957.528354,2464.473125,1704.837278,,,2265.980107,,,,,1670.769942,,,,,,,,,,,,,,,,,,,,,,,,,,,,,,,,,,,,,,,,,,,,,,,,,,,,,,,,,,,,,,,,
24,1921,,,,,986.4299025,,,,,,,,,,,4082.290737,1915.89186,1928.029529,,,2332.250056,,,,,1980.941961,,,,,,,,,,,,,,,,,,,,,,,,,,,,,,,,,,,,,,,,,,,,,,,,,,,,,,,,,,,,,,,,
25,1922,,,,,1178.735962,,,,,,,,,,,3877.897149,1999.905462,1275.08908,,,2110.574064,,,,,1754.299644,,,,,,,,,,,,,,,,,,,,,,,,,,,,,,,,,,,,,,,,,,,,,,,,,,,,,,,,,,,,,,,,
26,1923,,,,,919.0202463,,,,,,,,,,,2883.956452,2257.424325,2326.716989,,,2043.231229,,,,,1592.481798,,,,,,,,,,,,,,,,,,,,,,,,,,,,,,,,,,,,,,,,,,,,,,,,,,,,,,,,,,,,,,,,
27,1924,,,,,727.9913696,,,,,,,,,,,3509.395713,1066.623108,1860.09152,,,2032.492868,,,,,1301.292131,,,,,,,,,,,,,,,,,,,,,,,,,,,,,,,,,,,,,,,,,,,,,,,,,,,,,,,,,,,,,,,,
28,1925,,,,,1098.728237,,,,,,,,,,,3131.274093,1616.338488,2139.867939,,,2123.290089,,,,,2448.699346,,,,,,,,,,,,,,,,,,,,,,,,,,,,,,,,,,,,,,,,,,,,,,,,,,,,,,,,,,,,,,,,
29,1926,,,,,867.6875648,,,,,,,,,,,3660.741625,884.8916488,1193.937469,,,1907.455553,,,,,2328.787047,,,,,,,,,,,,,,,,,,,,,,,,,,,,,,,,,,,,,,,,,,,,,,,,,,,,,,,,,,,,,,,,
30,1927,,,,,1256.390666,,,,,,,,,,,2839.117914,1338.194817,1508.900606,,,1868.136395,,,,,2845.251968,,,,,,,,,,,,,,,,,,,,,,,,,,,,,,,,,,,,,,,,,,,,,,,,,,,,,,,,,,,,,,,,
31,1928,,,,,814.3500132,,,,,,,,,,,2605.827013,1388.943602,1317.004901,,,1579.060642,,,,,2065.562895,,,,,,,,,,,,,,,,,,,,,,,,,,,,,,,,,,,,,,,,,,,,,,,,,,,,,,,,,,,,,,,,
32,1929,,,,,796.6499974,,,,,,,,,,,2166.18861,1202.835779,1203.525862,,,1388.788156,,,,,1934.28422,,,,,,,,,,,,,,,,,,,,,,,,,,,,,,,,,,,,,,,,,,,,,,,,,,,,,,,,,,,,,,,,
33,1930,,,,,916.8335721,,,,,,,,,,,2025.74214,1510.587955,1276.712592,,,1406.429435,,,,,2248.282196,,,,,,,,,,,,,,,,,,,,,,,,,,,,,,,,,,,,,,,,,,,,,,,,,,,,,,,,,,,,-27.28,,,,
34,1931,,,,,760.5808067,,,,,,,,,,,1892.409649,1128.708016,1097.777025,,,1250.255827,,,,,1737.71681,,,,,,,,,,,,,,,,,,,,,,,,,,,,,,,,,,,,,,,,,,,,,,,,,,,,,,,,,,,,-27.7,,,,
35,1932,,,,,757.7495091,,,,,,,,,,,1790.588432,1381.439092,1151.916406,,,1233.418116,,,,,3050.037313,,,,,,,,,,,,,,,,,,,,,,,,,,,,,,,,,,,,,,,,,,,,,,,,,,,,,,,,,,,,-27.95,,,,
36,1933,,,,,563.4937769,,,,,,,,,,,1721.656391,1059.154285,815.424752,,,1033.524973,,,,,1719.787772,,,,,,,,,,,,,,,,,,,,,,,,,,,,,,,,,,,,,,,,,,,,,,,,,,,,,,,,,,,,-27.64,,,,
37,1934,,,,,466.2352206,,,,952.8824996,,,,,,,1362.853995,720.0608274,623.9944426,,,817.6945527,,,,,2534.411575,,,,,,,,,,,,,,,,,,,,,,,,,,,,,,,,,,,,,,,,,,,,,,,,,,,,,,,,,,,,-27.91,,,,
38,1935,,,,,493.343678,,,,1893.077489,,,,,,,840.8865436,604.2626018,716.906417,,,683.7122129,,,,,1247.871421,,,,,,,,,,,,,,,,,,,,,,,,,,,,,,,,,,,,,,,,,,,,,,,,,,,,,,,,,,,,-28.02,,,,
39,1936,,,,,445.0379839,,,,3502.835848,,,,,,,1013.127817,666.3924974,793.2415893,,,750.4691299,,,,,3204.658964,,,,,,,,,,,,,,,,,,,,,,,,,,,,,,,,,,,,,,,,,,,,,,,,,,,,,,,,,,,,-28.71,,,,
40,1937,,,,,717.425251,,,,3622.195069,,,,,,,1759.283247,1120.267813,1820.917368,,,1432.541955,,,,,8054.818563,,,,,,,,,,,,,,,,,,,,,,,,,,,,,,,,,,,,,,,,,,,,,,,,,,,,,,,,,,,,-28.06,,,,
41,1938,,,,,1268.557741,4370.772698,,,4932.27904,,,,3360.482996,,,2805.360715,2223.472254,2862.728616,,,2826.854942,,,,,4366.452505,,,,,,,,,,,,,,,,,,,,,,,,,,,,,,,,,,,,,,,,,,,,,,,,,,,,,,,,,,,,-27.5,,,,
42,1939,,,,,979.9935017,4104.751805,,,4283.559321,,,,2212.357299,,,1880.267079,1543.710018,1619.483976,,,2146.124091,,,,,3944.91797,,,,,,,,,,,,,,,,,,,,,,,,,,,,,,,,,,,,,,,,,,,,,,,,,,,,,,,,,,,,-28.06,,,,
43,1940,,,,,814.2072592,3132.169258,,,4582.450698,,,,2744.660464,,,1907.2975,1599.503572,2377.418525,,,2057.773135,,,,,4973.959587,,,,,,,,,,,,,,,,,,,,,,,,,,,,,,,,,,,,,,,,,,,,,,,,,,,,,,,,,,,,-27.74,,,,
44,1941,,,,,601.1961246,3521.643306,6308.967478,,4685.535149,,,,2377.816062,,,2073.373397,1551.817463,2631.742891,,,2206.98893,,1815.162284,,,5280.357579,,,,,,,,,,,,,,,,,,,,,,,,,,,,,,,,,,,,,,,,,,,,,,,,,,,,,,,,,,,,-27.73,,,,
45,1942,,,,,1096.741776,4662.442935,6148.336652,,4809.093297,,,,2280.963902,,,2115.923442,1914.434161,2071.091187,,,2486.549835,,1665.394457,,,4543.383391,,,,,,,,,,,,,,,,,,,,,,,,,,,,,,,,,,,,,,,,,,,,,,,,,,,,,,,,,,,,-27.55,,,,
46,1943,,,,,689.3412662,3975.758137,7334.393876,,5652.911638,1018.84008,,,4016.569813,,,1058.145426,2106.373409,1737.037849,,,1865.070669,,422.4972451,,,4028.982968,,,,,,,,,,,,,,,,,,,,,,,,,,,,,,,,,,,,,,,,,,,,,,,,,,,,,,,,,,,,-27.38,,,,
47,1944,,,,,675.3427692,3544.072393,6610.363018,,5478.707183,1216.341863,,,3468.727576,,,1717.466292,1310.131221,1411.427101,,,1837.077139,,3492.103602,,,2824.241216,,,,,,,,,,,,,,,,,,,,,,,,,,,,,,,,,,,,,,,,,,,,,,,,,,,,,,,,,,,,-27.3,,,,
48,1945,,,,,930.0343246,5710.603782,8570.891381,547.935542,6088.175781,2104.856396,,,4210.92683,,,1702.863227,1428.052158,1976.190961,,,2579.923074,,3364.953074,,,6746.144098,,,,,,,,,,,,,,,,,,,,,,,,,,,,,,,,,,,,,,,,,,,,,,,,,,,,,,,,,,,,-27.71,,,,
49,1946,,,,,927.7898765,4304.774873,9870.750349,822.9464788,6045.639245,1697.563203,,,6593.762403,,,1440.426986,1417.115269,2186.589202,,,2214.895234,,3387.552655,,,6134.362534,,,,,,,,,,,,,,,,,,,,,,,,,,,,,,,,,,,,,,,,,,,,,,,,,,,,,,,,,,,,-27.58,,,,
50,1947,,,,,652.5105534,4411.867117,9242.060984,671.5782616,8158.56633,1354.06096,,,6229.01671,,,1461.250248,833.3858655,2025.679842,,,2137.82694,,3374.178015,,,6570.249938,,,,16.47482603,,,,,,,,,,,,,,,,,,,,,,,,,,,,,,,,,,,,,,,,,,,,,,,,,,,,,,,,-27.28,,,,
51,1948,,,,,829.3607628,4702.279461,5646.960707,910.6251882,5866.000904,1114.993613,,,6173.414918,,,2285.790456,1146.303825,2028.079516,,,2461.377549,,3867.87374,,,3936.806566,,,,38.41633745,,,,,,,,,,,,,,,,,,,,,,,,,,,,,,,,,,5104.182278,,,,,,5104.182278,,,,,,,,,,,,,,,,-27.43,,,,
52,1949,,,,,871.3673751,4506.406814,4692.729962,882.0114052,6938.945964,742.8249334,,,8921.652526,,,2078.792016,775.3771112,1364.920974,,,2205.371795,,2600.995275,,,4236.713462,,,,40.14201429,,,,,,,,,,,,,,,,,,,,,,,,,,,,,,,,,,7183.055064,,,,,,7183.055064,,,,,,,,,,,,,,,,-27.1,,,,
53,1950,,,,,691.9271426,2084.311889,4070.030798,690.2691671,6535.189104,1090.970168,,,4961.991784,,,945.1762671,979.1278673,1547.841086,,,1317.314096,,3796.520851,,,4118.704184,,,,68.27968889,,,,,,,,,,,,,,,,,,,,,,,,,,,,,,,,,,7192.349655,,,,,,7192.349655,,,,,,,,,,,,,,,,-27.55,,,,
54,1951,,,,,648.9873829,2680.720383,4360.875927,431.2057399,7452.892741,1219.085981,,,4912.672549,,,2370.074832,793.5247096,1909.499222,,,1902.320455,,7287.622253,,,3055.216731,,,,209.9397565,,,,,,,,,,,,,,,,,,,,,,,,,,,,,,,,,,9662.885174,,,,,,9662.885174,,,,,,,,,,,,,,,,-26.98,,,,
55,1952,,,,,1147.821371,6100.954335,10016.52351,885.6360177,9072.036419,2343.086038,,,8406.470035,,,5168.476134,2388.246024,4055.481454,,,4118.183324,,5430.182175,,,8004.765232,,,,605.4241743,,,,,,,,,,,,,,,,,,,,,,,,,,,,,,,,,,8247.075802,,,,,,8247.075802,,,,,,,,,,,,,,,,-26.62,,,,
56,1953,,,,,1318.030693,4475.306806,8695.819138,832.7561019,8130.702665,2187.438249,,,6201.974634,,,5078.716277,2668.869793,2544.04684,,,3354.025154,,5211.329908,,,6500.850554,,,,778.4866596,,,,,,,,,,,,,,,,,,,,,,,,,,,,,,,,,,14039.60315,,,,,,14039.60315,,,,,,,6959.069436,,,,2465.191859,,,,4712.130647,-26.83,-27.99316227,-24.86,,
57,1954,,,,,635.1289067,3151.066817,6915.111643,494.0642965,6357.87529,1194.785417,,,3880.371216,,,2529.173252,1381.996661,2211.266852,,,2131.658957,,5071.078971,,,4349.878593,,,,741.1566849,,,,,,,,,,,,,,,,,,,,,,,,,,,,,,,,,,10826.19218,,,,,,10826.19218,,,,,,,9285.865404,,,,2309.602723,,,,5797.734064,-27.4,-27.63088573,-25.4,,
58,1955,,,,,981.8931286,3992.235288,5750.586141,442.0643408,6276.584884,1262.773314,4665.743021,,4194.438621,,,3059.345915,1088.883679,1579.333416,,,2403.201937,,6678.928875,,,3077.029877,,,,736.791756,,,,,,,,,,,,,,,,,,,,,,,,,,,,,,,,,,12042.47963,,,,,,12042.47963,,,,,,,10294.5485,,,,7869.22816,,,,9081.888328,-26.89,-27.82316578,-26.52,,
59,1956,,,,,1171.642717,6364.206479,10882.15626,792.9805543,10014.86859,2762.742969,6779.806012,,7829.295376,,,7683.522587,3465.091748,2740.254381,,,4489.906541,,5318.957323,,,8162.811879,,,,780.039863,,,,,,,,,,,,,,,,,,,,,,,,,,,,,,,,,,10104.77117,,,,,,10104.77117,,,,,,,10686.38345,,,,3828.076076,,,,7257.229763,-27.12,-26.80320085,-25.14,,
60,1957,,,,,1326.844463,5414.638234,10496.65739,973.2591209,10542.93638,1490.220633,8604.593068,,3417.166501,,,5940.1325,3256.616539,2634.164179,,,3828.944844,,8140.300514,,,7290.019665,,,,663.2706339,,,,,,,,,,,,,,,,,,,,,,,,,,,,,,,,,,15474.41727,,,,,,15474.41727,,,,,,,11098.44982,,,,4003.901843,,,,7551.175833,-27.09,-27.87925662,-24.86,,
61,1958,,,,,1702.189732,9284.23253,16519.23138,1295.764655,11601.14599,3457.792415,11578.427,,6596.294401,,,7744.240619,3680.544811,3813.135666,,,5635.949637,,6508.677392,,,8463.704324,,,,897.7063309,,,,,,,,,,,,,,,,,,,,,,,,,,,,,,,,,,10573.51187,,,,,,10573.51187,,,,,,,15912.51714,,,,4185.467489,,,,10048.99231,-26.93,-27.84223573,-25.32,,
62,1959,,,,,1562.146077,5661.86725,11476.30783,845.4427955,7528.847403,1808.649825,8297.807968,,3287.949528,,,3166.38626,1990.945011,2214.914304,,,3151.328473,,7001.311856,,,4401.90852,,,,1278.273838,,,,,,,,,,,,,,,,,,,,,,,,,,,,,,,,,,14603.26481,,,,,,14603.26481,,,,,,,12529.37183,,,,9175.199285,,,,10852.28556,-27.02,-26.57259048,-25.46,,
63,1960,,,,,946.8158643,2778.861853,4886.930339,439.849675,5379.698948,585.8856042,5851.891194,,2441.957331,,,2994.371967,1723.340756,1577.709087,,,2074.439693,,9503.850434,,,6392.979666,,,,1371.445937,,,,,,,,,,,,,,,,,,,,,,,,,,,,,,,,,,13143.65171,,,,,,13143.65171,,,,,,,10542.23179,,,,7068.068752,,,,8805.150269,-26.66,-26.63121779,-25.57,,
64,1961,,,,,982.657321,3808.871708,5824.966174,514.6092129,5791.945271,673.6689601,4489.431626,,2850.136799,,,2215.327989,1611.271978,1220.848038,,,2056.926264,,14502.19839,,,7612.303529,,,,1350.178611,,,,,,,,,,,,,,,,,,,,,,,,,,,,,,,,,,12208.64512,,,,,,12208.64512,,,,,,,15827.57919,,,,7896.129241,,,,11861.85421,-27.02,-26.82677466,-25.97,,
65,1962,,,,,2085.259707,3320.68241,7202.973767,678.1386924,6400.816589,1414.182498,4577.833122,,2646.498009,,,1747.540602,2411.703542,2114.556252,,,2317.009743,,7483.305934,,,5380.407063,,,,2821.804597,,,,,,,,,,,,,,,,,,,,,,,,,,,,,,,,,,7555.117652,,,,,,7555.117652,,,,,,,12502.76254,,,,9545.162786,,,,11023.96266,-27.63,-27.09126258,-25.8,,
66,1963,,,,,1864.501499,6638.507981,11307.41675,885.7618385,8464.00221,2920.428112,11880.01854,,4843.171723,,,2378.924698,3489.527056,2108.233609,,,3247.541947,,11382.42272,,,2139.02307,,,,2851.172833,,,,,,,,,,,,,,,,,,,,,,,,,,,,,,,,,,6594.28906,,,,,,6594.28906,271.1323265,,,,,1190.462554,16065.27909,,,,10360.28437,2599.933574,,,13212.78173,-27.32,-27.82951363,-26.04,,
67,1964,,,,,1396.4538,4987.257352,7403.006511,936.2764493,6996.077837,2274.353614,5076.255467,,4274.946959,,,1390.585304,2584.263184,1988.252478,,,2440.637233,,12178.44078,,,2670.658176,,,,5978.234364,,,,,,,,,,,,,,,,,,,,,,,,,,,,,,,,,,6254.720341,,,630.0682722,,,3442.394307,1187.831156,,,285.921374,,1531.991374,12861.08914,,,,10064.2565,3631.665274,3525.074679,,6684.085422,-26.88,-28.14443535,-25.69,-27.36,
68,1965,,,,,2584.635431,7324.139969,9486.629951,1795.350929,5596.780927,3128.148742,6179.654247,,4620.941114,,,2906.46722,3103.737719,2219.355762,,,3758.649596,,5448.187522,,,3006.341749,,,,7167.433369,,,,,,,,,,,,,,,,,,,,,,7516.887737,,,,,,,,,,,,9164.338799,,,1336.911414,,,5250.625106,2237.088859,,,881.8664207,,1888.329349,16183.21696,,,,8292.925462,2637.297729,5713.316987,5466.03469,7767.831459,-26.06,-27.3960802,-25.36,-27.15,
69,1966,,,,,2655.062053,3818.15524,12881.99462,680.7682055,8438.278409,2361.229646,8489.931596,,4231.514315,,,3070.961797,3232.053306,3416.855986,,,3240.258769,,3991.854809,,,2086.004233,,,,6274.381308,,,,,,,,,,,,,,,,,,,,,,7385.46436,,,,202.5727217,,,,,,,,16762.77524,,288.153664,2136.505681,,,4847.501828,4280.929243,,,1161.618021,,1703.043555,12629.24808,,,,2409.815131,3848.154937,3897.271602,4213.952686,5024.488209,-26.04,-27.25746344,-25.4,-26.38,-25.7518717
70,1967,,,,,1590.301973,12407.59691,16395.70264,2157.422938,11832.33372,4581.411176,11097.95122,,8036.008905,,,6632.57345,5047.241288,6534.814752,,,6791.321771,,11886.90658,,,6371.346314,,,,7742.81198,,,,,,,,,,,,,,,,,,,,,,8199.611615,212.2723891,,,820.9660188,,,,,,,757.6354693,10473.10682,,269.3053647,1965.371819,,,3382.187506,4774.630214,,,2001.709742,,2783.245003,13316.62303,1202.04526,,,5226.663237,3462.728454,7680.911295,7559.062864,7056.476825,-27.04,-29.08863847,-25.08,-26.98,-27.08434776
71,1968,,,,,2029.048541,8389.497392,15703.10712,902.4177774,7001.845298,2724.432126,10839.75365,,2704.666733,,,6625.403864,4157.493491,3906.501664,,,5237.612865,,7625.653068,,,4679.198965,,,,6706.940603,,,,,,,,,,,,,,,,,,,,,,3652.637416,568.0288544,204.8277569,,1087.128974,,,,,,128.2778254,849.8917933,14515.50241,,473.941673,1741.00455,,,4454.394402,3953.261757,,,2638.225002,,1389.332909,6728.313298,2244.283169,,18074.97291,3405.401676,3807.566063,5670.093071,5261.496651,4610.508262,-27.21,-27.06988936,-25.22,-25.78,-26.52969319
72,1969,,,,,2769.087604,16273.58792,19738.85233,2617.167691,9091.418789,5384.638223,13817.09592,,7832.197454,,,11217.52388,5682.223891,5357.116175,,,8904.328896,,11305.04143,,,6474.720169,,,,9167.677872,,,,,,,,,,,,,,,,,,,,,,7076.374872,1533.731817,229.9041066,,2411.477724,,,,,,624.5432788,990.3352163,10597.64081,,961.3443794,3138.838356,,,4277.325318,4264.911833,,,3635.451019,,1301.70635,19506.34137,2525.336079,,13426.08815,4977.358696,3494.761955,6633.39284,7614.724095,8688.13598,-27.18,-27.70868844,-25.01,-26.77,-26.68440058
73,1970,,,,,2775.313329,13418.00813,19804.67046,1628.114685,10026.22174,4210.467089,12247.29903,,3816.865805,,,7757.201259,4986.360113,6038.276797,,,7497.199878,,8821.910917,,,5357.063899,,,,9692.585854,,,,,,,,,,,,,,,,,,,,,,4824.615718,2010.086484,285.4576749,,3070.15912,1488.449214,,868.4653917,,5417.456808,447.903462,713.9791438,11060.28067,,1716.937154,1216.245982,,,4265.90573,4874.495161,,,3005.443568,,1196.342673,15695.79883,2276.558666,,12492.00629,1850.817036,3050.22207,6236.728315,7020.101659,6697.196938,-27.65,-27.09510913,-25.89,-26.94,-27.52344633
74,1971,,,,,2916.719776,12592.00413,16034.72478,2344.145383,8457.134248,4669.546076,13867.85278,,3527.242755,,,11154.12607,8763.280567,6287.187131,,,8237.509276,,11642.85824,,,3771.245136,,,,9971.856162,,,,,,,,,,,,,,,,,,,,,,7709.799119,3457.771649,295.5544395,,5469.402226,3542.999225,,711.7667714,,6993.446722,565.3660405,859.4277837,7586.311154,,1613.451238,2105.469887,,,4193.658626,3678.4079,,,3672.259489,2160.038283,2012.498913,12480.17474,1981.486807,,6011.114618,5269.115641,3221.372331,5199.656787,7503.652333,6655.301663,-27.58,-26.79838455,-24.67,-25.95,-27.21251013
75,1972,,,,,4441.869516,4170.032216,15536.92089,912.8830508,5023.193842,2565.900826,6634.758491,,2977.717882,,,5816.600679,6189.781485,5204.304899,,,4908.201827,,7363.357538,,,2520.139005,,,,8608.371335,,,,,,,,,,,,,,,,,,,,,,15510.43651,2392.936045,441.9942833,,6465.633929,4314.964629,,748.902093,,3996.109343,315.3640661,659.0592662,11258.72691,,1398.515187,849.8020694,,,4993.169523,4221.942385,,,3651.37261,1424.31115,1195.474022,12085.93935,1907.756518,,8379.9303,2595.522087,1169.494308,4680.295726,6198.206357,5753.282444,-27.27,-26.53576142,-24.36,-25.91,-25.44911597
76,1973,,,,,4677.986467,7273.884414,12998.10688,999.0834837,6388.971968,3229.296967,8041.288069,,2856.008184,,,7699.874419,6017.886604,7750.078295,,,6850.455899,,7507.379487,4516.745167,,4529.553566,,,,9410.227046,,,,,,,,,,,,,,,,,,,,,,25021.83974,3410.605662,859.0157324,,6677.214225,6367.92468,,873.3761409,,5321.848059,470.3039601,716.5858489,15861.9331,,1185.683249,2147.837028,,,6468.166901,3354.967428,,,5708.623197,6597.279165,2715.783699,12210.27128,3669.621462,,9221.761332,3189.891248,3671.997543,6887.564399,8264.606518,6999.08753,-27.28,-26.55114702,-24.26,-26.53,-26.49921782
77,1974,,,,,3555.706433,9483.382864,15325.9921,1047.269075,4265.402172,3313.76833,10009.42625,,4253.531602,,,7725.242623,6532.674008,5948.397653,,,6678.182393,,5387.264626,1853.575982,,8084.686218,,,,9711.227436,,,,,,,,,,,,,,,,,,,,,,13175.81282,5376.391291,957.6634696,,8782.045803,7985.048377,,646.3397115,,7469.5112,389.9030642,377.7865697,22582.9476,,1940.069809,2992.672868,,,9074.43402,5042.581364,,,4716.912874,6353.016629,2507.801468,11746.57905,3154.287955,,8961.101536,2717.5827,4396.779556,7269.100271,10064.05914,6612.543723,-27.51,-26.73189714,-24.64,-26.51,-27.6016011
78,1975,,,,,3635.635022,8735.880853,10604.31581,1584.856682,4950.74595,2934.0936,5865.436359,,3442.850152,,,9194.059868,7302.708904,5411.088674,,,6744.166104,,7190.459044,3995.681363,,8898.335656,,,,7456.333916,,,,,,,,,,,,,,,,,,,,,,16461.94337,6029.093293,913.3337123,,9763.572339,7512.142173,,743.1077396,,6906.325268,615.6343504,458.7354221,12390.4227,,2425.386498,3088.712235,,,6917.023443,4127.981119,11779.11382,,5924.77828,9944.918576,2743.288028,12987.94951,3399.064958,,8546.028534,4342.727575,2371.292419,9265.839636,6520.268487,8130.32375,-27.94,-25.96785617,-24.76,-26.53,-27.28714001
79,1976,,,,,2661.358999,5343.120757,8337.730668,836.5817763,3269.17116,1528.132807,3562.243867,,2197.007477,,,5058.722396,5388.258155,3631.933189,,,4173.783835,,8406.04815,3624.996678,,8367.504955,,,,6113.778065,,,,,,,,,,,,,,,,,,,,,,10921.73429,4513.501033,898.2363175,,7861.91604,6276.603545,,926.0296736,,7577.488871,676.3899249,303.9720857,3463.973844,,1283.279464,2179.869084,,,3697.259608,2237.750164,15099.8688,1286.977307,7024.645156,9511.484379,2079.483009,9919.406016,2747.717265,,7493.962059,3251.713267,1861.071697,7808.857808,3061.597275,7001.155562,-27.6,-25.57346107,-23.87,-25.69,-26.94557495
80,1977,,,,,2991.447144,3249.103735,7022.914955,717.0206139,1388.181075,1160.900544,1722.293349,,1461.838856,,,3046.07033,2944.388474,2430.771627,,,2929.348209,,8284.81299,2632.694102,,6075.696024,,,,4884.421023,,,,,,,,,,,,,,,,,,,,,,14028.79406,4782.8637,1709.72258,,4787.726885,5350.633939,11319.08934,325.9987971,,3283.017887,559.3904171,160.7052819,731.1074211,,585.1096937,1548.44201,,,1913.096503,1486.836949,14223.62012,2988.328485,4786.412757,5182.161697,1433.214675,5099.224782,1845.402281,,5565.97158,2399.824426,2603.386059,1969.623399,1598.792567,3563.771341,-26.59,-28.84410231,-24.07,-26.19,-25.68974248
81,1978,,,,,5015.010684,4827.708553,10778.32317,1257.536342,3655.61929,2418.510274,3515.579121,,2357.128297,,,3707.412968,4473.404257,3784.665109,,,4333.699328,,10768.19137,2747.539797,,8097.546988,,,,6771.918164,4042.59907,,,,,,,,,,,,,,,,,,,,,22647.0195,9842.639629,1660.667082,,9685.680947,9128.336273,15451.78696,734.437258,,6362.315774,1056.325658,476.9924108,10187.37532,,2122.21668,3245.349783,,,6310.155684,3770.06795,13882.52653,5488.960525,9097.140949,8757.528248,2930.698795,8479.883714,3002.533102,,5600.668868,5504.391526,2722.721089,6066.533789,7053.284417,7286.987495,-26.7,-28.62355719,-24.99,-27.17,-26.8673579
82,1979,,,,,4254.441847,4592.965357,8603.793846,858.8005333,4517.029418,2278.634034,2439.623253,,2588.407447,,,3884.371343,3727.642186,4011.008566,,,4185.696778,,10713.20298,3065.757497,4005.82544,7368.206304,,,,7030.742045,5799.586221,,,,,,,,,,,,,,,,,,,,3189.333552,23734.94261,10708.75944,680.587721,1570.935185,10440.42722,8181.713082,14290.87159,740.9519787,,8869.202128,827.1420758,236.1254968,11951.1911,,2270.012907,4520.925496,,,7295.639181,3473.746962,12208.25418,7836.577211,8187.994508,8536.529143,3037.698928,8382.889869,2956.233849,,3543.941106,5043.073966,1348.047103,4684.809441,3790.576958,6574.691946,-27.0,-28.02637107,-25.48,-27.43,-27.07521927
83,1980,,,,,4719.246449,6226.331905,6990.638483,823.2254522,3401.545371,3708.112444,3770.542487,,3244.855673,,,5335.504091,3581.306298,4912.20307,,,5298.321379,,13433.70698,3240.357038,4844.393991,7121.209075,,,,5988.221173,4507.187248,,,,,,,,,,,,,,,,,,,,4572.745187,16875.48428,8973.192866,2040.242946,1495.76391,10352.47268,6449.575615,16725.22372,1015.234569,,11217.83383,1395.703116,402.3756269,9101.531827,,2453.787312,3571.902506,,,6369.923581,2806.89397,14825.94329,14611.75195,8290.220991,9506.226955,3134.184464,10038.08401,3466.694746,,3286.443637,3541.084361,1746.777791,5197.192522,2426.909102,6766.645472,-27.0,-27.33500047,-25.5,-26.58,-27.10239406
84,1981,,,,,3793.820432,5416.20526,6386.37029,682.1170483,4212.361344,1942.436088,3657.6863,,2659.597571,,,4237.342943,2738.840852,4714.457154,,,4540.456447,,8302.799394,2838.925837,3919.822017,4276.640058,,,,6170.385795,5411.245408,,,,,,,,,,,,,,,,,,,,4806.534972,16244.12582,13536.4872,1698.402166,2332.077112,9059.954545,6172.710762,16941.83827,871.6044083,,7939.427017,896.2611982,287.2446128,12168.8982,,2945.05468,3454.373137,,,6907.07014,2492.305877,15935.8199,13768.25851,12139.18941,12439.12772,1763.244324,8228.940456,3773.113724,,3633.651797,3959.609094,2367.308942,4554.12082,2502.126621,7220.464946,-27.27,-27.28895652,-25.5,-26.53,-26.08956853
85,1982,,,,,4606.33519,8718.130854,9139.397004,1941.262043,6306.764531,3468.9238,6227.784483,,5119.163151,,,9787.239213,4033.164836,8866.565704,,,7994.56774,,8342.274636,3266.299054,4589.28052,6055.344159,,,,8000.796113,6603.125354,,,,,,,,,,,,,,,,,,,,3126.217699,14595.82037,11541.75902,2321.605555,1899.352129,9146.124976,10133.00654,22879.70719,943.2459155,,9677.268925,1479.891202,582.8370341,10629.97584,,3295.753841,5230.114528,,,7075.492296,3505.112623,18179.27809,15041.43197,11002.45312,10973.79818,4275.941336,14230.16487,5452.892465,,4944.962907,4065.3546,2564.594489,4996.933206,3869.008201,8573.726449,-26.54,-27.31450965,-25.34,-26.98,-26.6892055
86,1983,,,,,6301.772037,8730.882076,10315.2749,2403.442787,7004.227882,2815.423048,8307.209373,,4027.172185,,,11630.37581,5648.725214,18599.81966,,,11315.7124,,8418.211894,3635.08672,3364.081376,6549.157097,,,,9555.691897,8910.282065,28655.95627,,,,,,,,,,25247.04544,,,,,,,,,2688.35194,14958.22457,12084.80939,2235.313073,1858.054386,12201.26728,11085.31181,22365.32436,1231.558544,,12229.38724,1341.330315,442.8143332,11784.26899,,3813.390512,4022.842568,3695.052529,,7955.442338,3741.076076,5813.578718,15421.7114,12104.87065,10424.91796,3380.049589,14286.65165,4087.401323,,7240.140348,4893.529694,643.387117,5718.312622,4730.477014,9250.841155,-26.11,-27.44274133,-26.46,-27.33,-27.7881929
87,1984,,,,,6164.055391,6426.972107,11173.66313,1161.482618,6525.780537,1328.806985,6072.751472,,2012.410006,,,14469.39036,9345.148012,22809.02151,,,12467.35984,,8371.85493,2944.651237,4261.866058,4794.707536,,,,9358.480303,5984.875063,22767.24103,,,,,,,,,,27139.33275,,,,,,,,,2446.257668,8533.765359,7478.000852,1371.615426,1140.59819,7541.378399,10250.36438,14031.67993,655.0394099,,11238.22242,846.0585476,525.0901001,14323.82241,,3388.068944,2960.006462,2900.543747,,7053.319053,2522.706755,6226.678862,17385.17256,9333.754712,6429.105783,2731.091737,10299.06611,2462.25736,8597.871504,7156.282632,3684.155255,1358.786261,3899.539957,2863.836028,6804.129008,-27.48,-26.28103671,-26.28,-27.09,-25.91190844
88,1985,,,,,4972.353385,8108.309519,10642.52135,1768.028969,6170.878145,1774.605674,5973.688354,,2411.618593,,,16301.05324,13932.23457,23266.47208,,,13162.04705,,6610.279986,1821.52759,4202.751055,5690.684137,,,,9750.48415,5790.07373,22212.56608,,,,,,,,,,29865.04684,,,,,,,,,2934.796689,5117.449852,7141.695871,1216.862299,2967.37224,5670.735589,6654.688943,15441.64235,779.5937568,,5865.918563,995.1324597,540.8452187,14407.10917,,2772.229919,2795.524483,2339.710554,,6411.39979,1436.901648,9856.305117,13610.48679,4235.805291,6086.755813,1602.006479,11204.24522,2871.714388,5066.452787,6312.384337,3890.219417,2097.851022,4730.554172,2706.645434,6015.206024,-27.72,-25.23616432,-26.39,-25.78,-25.58693159
89,1986,,,,,6087.790088,8086.304044,10379.06438,2265.895221,7410.424691,1451.446059,4175.238809,,1773.038993,,,15718.99136,11543.74061,28101.82708,,,14498.72814,,7334.526797,2577.155645,2648.432822,6609.841922,,,,7910.381076,6404.215007,17999.74707,,,,,,,,,,10680.76132,,,,,,,,,4955.746172,7306.589273,12620.30548,1457.322786,3278.954143,8435.284346,9504.326605,23807.75803,769.287071,,9160.634139,959.9626441,270.9041841,14305.24956,,3528.2546,4696.409835,3953.275894,,7741.299586,3004.574917,8207.342258,14903.6235,3929.832388,6636.664558,1684.630052,12417.25605,3705.282215,4827.843641,4894.558691,6059.937199,1678.050049,5412.059363,2432.61059,6954.77125,-27.23,-26.09760533,-25.83,-26.79,-26.50245831
90,1987,,,,,8008.529771,3409.99148,8656.310783,1238.439386,4187.421622,1814.769899,6920.358668,,2124.39459,,,12271.22081,14807.69491,26645.61758,,,12583.83991,,10225.01682,3043.408333,2572.437475,5617.860669,,,,8377.835926,7399.080463,11991.66826,,,,,,,,,,17587.58494,,,,,,,,,5636.051778,6223.288958,11201.52202,1492.214727,2719.044169,6044.459137,5149.724313,21072.78571,602.5170072,,5612.924253,846.9341095,156.682504,12396.76482,,3912.405722,3543.672028,3945.20797,,6474.325428,3034.525919,7512.250746,11038.0703,2671.132871,4876.666065,1078.776108,10039.75936,3184.883926,3934.450026,4231.917099,4702.926503,2105.066883,3980.016126,1840.951304,5348.458716,-27.37,-26.21865899,-25.74,-26.23,-26.42315731
91,1988,,,,,5836.907557,3232.759159,6414.726493,1202.202057,2545.695862,1750.418489,6600.350605,,2546.809996,,,8285.274082,9274.173779,10654.29585,,,7002.309162,,8856.169859,2986.590996,2696.047083,3942.746878,,,,10401.00494,5275.190099,19765.11297,,,,,,,,,,21973.85097,,,,,,,,,3049.050759,6445.643849,11023.63908,1960.7473,2667.294096,6615.058443,5719.67155,24296.67885,646.8120185,,6138.481602,1390.990727,104.9859318,18232.4471,,4005.483792,4209.323989,3592.671952,,8265.57833,5457.162581,11243.95407,13749.76333,2337.3952,7456.579117,1046.818885,7290.644057,3805.699045,3696.629829,4419.034661,6630.998004,3163.284031,2361.099145,1507.732122,4655.034101,-26.3,-25.95740166,-26.72,-27.02,-25.94242012
92,1989,,,,,5744.74592,4297.391,13282.7483,1776.565933,9319.55974,3825.486273,9424.763447,,5072.213054,,,7370.264958,10639.11499,6704.088351,,,6029.122557,,10916.60071,2833.99429,2408.147448,4749.809025,,,,10409.1269,7604.382286,24580.08431,,,,,,,,,,25787.75758,,,,,,,,,7720.487822,10517.90442,11257.67108,2632.734754,4905.123302,10863.18098,5873.176301,20071.97959,5675.037812,,6405.333194,6731.754158,481.8128078,21467.41618,,4381.333099,4886.225617,3742.112802,,10399.53897,6119.202025,13648.93027,14794.80533,3009.711107,8110.585728,1210.642888,9246.737873,5533.956112,5016.78493,4703.031967,14501.33766,1823.623661,4354.793804,3181.609004,7778.145111,-26.24,-27.13327954,-27.53,-27.53,-26.0453736
93,1990,,,,,6981.338961,5982.631274,7501.783148,1027.62124,7547.256633,3882.007074,9751.850271,,5687.908917,,,13427.39398,8195.500024,6088.69006,,,8120.013569,,11648.01582,1687.67903,1997.346509,2439.247079,,,,9679.432006,7742.696149,30545.59755,,,,,,,,,,26913.21216,,,,,,,,,5823.502444,10040.01842,15791.33862,3204.895903,3478.874921,10467.07704,5130.587679,18391.24527,7823.279163,,7159.055904,16575.73682,1238.502344,19354.02244,,6319.462409,6096.661286,4338.042455,,10559.30579,6641.777688,12690.28709,18637.95929,2305.788264,8844.234446,1084.840952,10254.14805,5075.68354,5914.42535,5492.753935,19772.51865,1440.822356,3066.938108,2359.146456,8849.848268,-27.54,-27.93266655,-27.33,-27.67,-26.56780414
94,1991,,,,,5090.893812,4348.373142,4189.119527,993.2938426,4037.301371,2236.804199,6506.514155,,3304.519419,,94.34328402,10269.16738,12056.31395,6783.469612,,,6622.975987,,9004.545678,2006.375007,1773.099814,1326.640794,,,,6694.163432,6097.818366,27212.14683,,,,,,,,,,31265.73711,,,,,,,,,3844.433532,9408.089695,11223.56595,2682.725662,3474.681146,9453.604901,2945.049151,14688.76853,5712.728379,,8666.465667,8731.420608,2430.22056,11550.18226,30587.29114,4837.931641,3651.967125,4203.324364,,7373.421481,3199.542472,10947.00954,11831.65671,1848.048162,8051.004669,1260.772968,9521.884747,4165.044309,4096.506036,4407.523991,13436.6166,1104.479927,1436.979685,1181.446057,6560.882298,-27.39,-27.8050899,-27.56,-28.25,-25.96181262
95,1992,,78.53981634,,,5058.675586,3144.299701,3115.153575,1185.402076,2590.796315,1919.164803,6593.555529,365.9699716,3688.280543,,770.311293,5297.820059,16808.54749,3221.803797,,,4180.649786,,8642.599616,2020.512174,1676.889482,1308.425619,,,,8217.927289,4752.9143,24794.36732,,,,,,,,,,30677.81632,,,,,,,,,6365.720601,18722.73598,17206.9186,4295.901445,4562.666581,12094.35763,4879.175883,16992.07123,9153.754522,,8504.255028,14595.39493,3213.418321,16244.45631,30047.64406,4403.629045,4211.416918,6896.143806,,9238.464976,4227.030822,14894.06081,15992.59659,1820.36916,8308.881548,2365.028649,11310.41767,5814.718111,6356.533296,3853.922775,14517.92495,2470.457482,2428.922737,2122.324657,7519.408629,-28.15,-27.5845383,-27.21,-28.32,-25.56526735
96,1993,293.1596034,399.073059,,,5824.9166,4989.386598,7152.397581,1631.151819,5895.655528,3074.233263,11550.86477,1598.081122,6924.95287,,494.5240686,9386.203601,14966.83329,6681.473345,,,6720.495036,,10587.58168,2470.53753,3031.235918,4421.271538,,,,9561.148215,5731.50084,26476.5,,,,,,,,,,32127.83355,,,,,,,,,6658.515151,17589.97443,18612.1621,3402.669527,4225.41862,11398.88724,4457.320811,21756.73236,6580.198011,,10971.15563,12472.07257,3172.10644,26911.47819,39672.08267,7347.476882,6559.156503,5877.363165,,13054.2497,3820.84991,6705.261296,18096.35123,3042.190463,9515.623019,1451.491204,12463.56184,5099.695864,8568.038124,3843.258985,13195.77086,1619.205945,4973.274374,2463.373442,8418.699383,-28.43,-26.5982867,-26.18,-27.74,-26.28920603
97,1994,1068.634104,1040.154624,,404.4038391,7319.404741,5951.171994,6071.017282,1347.311751,5943.51832,3948.812728,12087.14431,2202.075809,8758.424293,292.5529619,1011.469998,8426.764189,6331.897963,5580.900114,,725.3927384,6819.560259,,12926.56829,3869.082845,3504.631488,6705.977485,,,,7691.171736,6016.085278,22999.35804,,,,,,,,,,37606.17624,,,,,,,,,6867.937488,10473.35601,12723.01199,2438.711877,4118.149064,7499.598359,3717.161016,16925.26891,7692.180313,,7356.98309,7882.364981,2695.83025,23893.57419,31212.05464,7229.389315,4835.878327,5761.906336,,10864.61005,1989.126092,9952.842301,13367.37024,2489.674479,6897.254579,949.588791,11115.55344,5388.840292,6774.718611,2910.427135,13725.57991,2901.733814,2503.132936,1702.790719,7458.485192,-27.66,-25.98383859,-25.96,-27.28,-25.82173647
98,1995,2561.790367,2052.225609,,918.3549512,7408.833129,5652.144021,7476.683896,2116.189692,5708.104268,4622.084811,9486.300932,4108.162695,7654.858192,1494.455625,3319.886519,12803.94272,10673.38222,10065.14469,,1186.840926,8982.516139,,10594.0341,3011.291077,4022.902635,10360.96657,,,,8769.014477,6702.331981,18104.40024,,,,,,,,,,31634.32057,,,,,,,,,4857.940225,6112.754911,8571.322847,2394.630463,7115.73576,7249.135827,4690.602664,14995.31892,9314.364802,,8534.750216,11264.51127,3126.720008,15932.67209,31925.57241,9005.431702,6106.682464,5670.787111,,9573.480521,3731.398714,10151.79076,10991.14087,2510.946831,7260.699621,1102.879035,8525.968365,4317.426884,5590.832102,2817.274797,15451.86265,2025.172915,6524.976101,2186.367657,8253.438486,-29.05,-26.33158745,-27.14,-27.51,-25.78487937
99,1996,6761.671231,2994.063463,,1411.426599,8927.562678,10120.35422,10660.64784,3033.517311,8588.560389,6120.918654,12528.05299,4205.821491,10863.34805,3107.218603,4718.043847,15829.55296,7347.840019,14361.3138,,2078.471416,12309.69591,,9340.218853,1607.840102,3845.001249,9033.520022,,,,8590.661549,7087.515493,18511.89358,,,,,,,,,,27907.64417,,,,,,,,,8342.215292,4258.225644,9779.729864,2037.889108,5542.880434,6979.684252,3859.686341,14912.38075,7902.229209,,7746.962118,14893.8167,3836.676688,17609.43497,25413.41388,5195.506492,4451.233284,5883.826363,,8558.964749,5484.800114,8992.089609,12345.54398,2974.776597,8945.636418,1379.975989,12564.51164,4838.781002,6016.23199,3884.319004,24473.11886,2843.141603,4850.09328,1568.642702,11215.6251,-27.78,-26.63828074,-27.24,-27.8,-26.12976875
100,1997,11040.69761,4194.611471,,867.5817246,10190.84126,13109.77453,9895.806435,3225.476633,7950.243991,6077.034437,16160.28811,4900.415563,14714.57835,6426.818923,6813.385616,20440.58143,10743.28944,17727.59661,1141.792529,2766.318981,15367.19846,,9322.119981,2773.609487,4252.635965,6535.67825,,,,7116.767648,3720.426859,32041.55335,,,,,,,,,,23721.02328,,,,,,,,,7603.117921,4843.203391,9057.855333,2919.166323,4282.393162,9468.810209,4315.384157,9707.857104,6993.283076,,7920.133805,11995.70534,3485.587813,6878.007549,32365.90482,6226.136561,6825.871311,5309.31279,,7349.706407,12010.18148,8086.158651,12530.39592,4348.65287,9505.781068,1618.48319,11394.56717,3900.123728,9420.675543,3010.886032,25532.70066,1639.79676,10152.47236,3297.697639,12857.09826,-27.83,-26.34142953,-27.47,-27.17,-25.67900261
101,1998,11377.07956,6384.302179,,1311.37969,7300.452895,8634.875633,12248.73021,3445.341152,7379.454117,4301.316828,13238.2122,6885.72418,11692.95143,7660.30873,7461.684676,16113.9926,12430.82371,13503.64147,805.2259799,3245.484243,11388.24065,,6834.778825,2299.107102,4529.271168,4718.688031,,,,7824.05388,5828.375713,29654.81806,,,,,,,,,,17762.8265,,,,,,,,,4868.444454,2567.953794,7622.438401,2102.765352,6605.544632,7846.975882,4548.77584,5914.399903,6511.919328,,9386.219623,8743.299912,3148.248872,6128.308057,28843.08983,8569.821417,6747.937319,7946.600498,,7323.260669,7920.635235,7099.091917,16987.83272,3869.451919,7457.759036,967.0309135,11595.90924,2368.95564,9890.655857,3647.49777,21646.23638,1751.039865,6526.811042,3512.296565,10909.60215,-28.04,-28.12587247,-27.7,-27.75,-26.51946509
102,1999,7897.194555,5736.983924,,1893.374495,5594.728933,7138.059918,9986.972815,2460.377557,5319.391931,3955.273853,10677.32266,5759.572792,3918.014281,4972.605529,7943.826471,7963.445718,13783.92011,11411.09742,1384.606728,1522.320547,8026.832996,,5226.159954,1685.038082,3955.01241,5124.373168,,,1669.241274,6381.117547,4287.440413,22119.84329,,,,,,,,,,19306.77653,,,,,,,,,6687.821813,2214.0662,8612.991676,1712.793801,5973.217303,6796.697476,4277.233913,5790.142311,8950.583515,,5565.975192,11682.23094,2749.294502,8938.550399,30376.17762,5237.220559,5600.875742,7514.589096,,6643.336044,7127.720811,8005.230471,23347.35779,5386.685348,7514.886511,415.1325665,11852.728,3274.19152,13384.23199,3141.049912,25097.78077,469.8329725,7016.623539,3884.152688,12338.45441,-28.44,-27.94820227,-27.16,-27.84,-25.8157255
103,2000,6274.235852,4244.953923,,3426.273978,7101.786021,8221.611183,11268.55425,2358.629224,3967.06026,4452.522751,12341.04598,4150.636965,6620.191491,6415.257862,8150.537927,10414.23498,15196.042,10837.58334,1519.165257,2190.107032,9143.803881,,8356.037231,2457.402657,3965.952441,8309.649888,,,4453.518604,11588.60237,6065.770445,26927.31747,,,,,,,,,,12746.00638,,,,,,,,,8970.795831,2469.67221,10428.42257,1268.847804,9241.924451,6311.695889,4145.974151,10194.0634,9895.515209,,4749.402063,17240.32661,3889.848395,9633.752055,34805.75477,4773.479354,6817.406729,6503.773963,,6884.083507,6872.128058,6395.212491,20078.72792,6151.489743,5747.381214,1195.518005,10589.10944,3541.633355,9157.359122,4854.888607,23827.96994,1610.84535,5946.988398,2576.278261,11628.88938,-27.66,-26.92508953,-26.67,-27.38,-25.72003006
104,2001,4326.151212,4587.022155,,4179.540937,8201.442158,10143.11343,9213.914513,2311.911228,7601.893391,6227.481979,14682.58167,2831.686414,7445.359327,6668.954035,10766.24808,10232.66804,7644.047218,12474.84873,2072.538393,2378.7936,10263.01809,,5571.807748,2432.182328,5990.598008,9438.685572,,,3288.130358,8343.788601,7279.040522,31199.34765,,,,,,,,,,9444.41901,,,,,,370.7483026,,,11339.21426,3775.493543,11983.56748,1453.30893,7628.282078,6024.418603,4439.45872,14505.46408,12367.59627,,4528.903884,16599.37793,4667.323336,9635.514111,32160.54884,5970.421789,6433.503855,6773.298894,,7015.96459,10752.76216,6108.935426,19385.35455,11664.59529,5449.639629,2111.326192,11228.38145,4267.776494,11119.72211,6794.960615,27618.7878,2694.273088,10124.04609,4403.431941,15158.95266,-28.41,-26.77177364,-26.69,-26.93,-25.63386023
105,2002,2774.17711,3440.633004,,3735.490136,8174.205053,7602.67194,9947.764922,2241.05669,6353.473542,4493.256767,14000.36073,2308.288909,5193.238513,6261.645291,6000.025707,8916.596761,7876.81008,6961.895927,1495.13556,1269.525885,7913.84242,,3104.24562,2288.962271,2454.837421,5752.666158,,1078.166953,1346.25916,6105.013336,4772.996366,31295.31897,,,,,,,,,,4676.169182,,,,,,1214.06713,,,11708.53361,4159.294126,9641.755199,1842.775784,10063.60575,6610.765456,3527.436529,11015.51932,8430.634474,,4354.938945,11752.76692,2688.482976,4548.689635,30625.01525,5179.022681,8089.922154,4353.40767,,6107.099981,5446.225754,6973.393465,14863.28199,9357.522745,4061.417022,2367.401494,7745.830862,4228.32786,11753.43061,6842.147996,36268.33705,2588.699678,3637.328937,3173.596058,14252.2549,-28.62,-27.92484554,-26.06,-26.67,-25.15960979
106,2003,3399.324203,3764.512671,,3607.386041,7412.992189,5623.947976,7945.280149,1841.537996,3380.251405,3697.585187,10155.31258,1233.847446,5659.191242,5044.274682,4745.502938,7354.851676,17594.52773,10650.07751,1169.579571,1268.82154,7760.467338,,4195.741219,1833.496304,2396.345929,4117.291535,,3877.779025,1605.581297,4929.103267,3981.380771,8519.923941,,,,,,,,,,3493.007689,,,691.6019877,,,1451.272612,,,6801.42306,2500.970641,7360.411353,1626.402988,8187.082944,7328.444705,2995.80667,4706.802537,9921.794004,,3218.598964,12243.12335,2605.607196,4068.550731,34395.28596,5044.073872,7226.102047,4479.109704,,5916.792839,7877.968322,9563.686873,18741.71761,6568.029743,3845.811843,1083.862032,4846.778837,3654.998825,6676.99956,7595.295858,19998.66161,2477.367729,4426.182978,4453.355367,8959.913291,-28.52,-28.44792474,-27.97,-27.99,-26.7620834
107,2004,4471.446103,3765.335769,,3163.736358,6076.512116,5983.406871,5818.502725,1766.109142,2416.018457,3401.174632,8024.998094,1238.361537,5973.550564,5149.816802,4072.319322,7059.259067,21780.82536,7739.663413,1538.125868,2017.226696,6714.710366,,5400.325483,1237.624897,2335.818686,4460.319461,86.59014751,3089.355508,1346.582116,5503.48505,3093.3928,13843.92987,,,,,,,,,,4731.237719,,,3840.104574,3081.721437,521.9822167,2466.677895,,,13391.40939,5556.168365,6188.900771,3040.299381,7843.567129,8261.33436,6665.934588,6169.080746,8267.456696,,5639.965668,9971.783591,1962.466568,3615.367822,38630.1036,5810.043484,7101.366995,6178.128564,,6197.028165,8914.120871,7886.144568,16061.68555,14333.87682,6049.183841,2080.283173,11404.93336,4582.103772,11884.8997,5647.991747,30572.58785,3785.551541,4505.284134,2828.900889,15204.17054,-27.9,-27.14771075,-26.97,-27.19,-25.28989599
108,2005,5576.475557,6310.771004,,3954.708461,8447.848266,7620.853719,7529.281508,2157.708823,4524.965835,5828.951787,9445.404339,1566.702957,5289.652358,5901.827061,3346.945999,8519.546887,29309.04721,9186.257188,1623.389447,2179.312268,8443.626515,4265.814726,10241.18905,2726.479691,3144.016204,6363.136484,1328.032582,4548.215631,2243.724217,5569.141509,4208.589642,19036.09314,,,,,,19.47818861,,,,3464.602477,,,10011.49395,6731.646716,1103.988331,2747.028063,,,13009.6085,7667.228402,8173.065974,2967.306989,8971.71569,12385.11486,10094.43306,5462.142634,8021.261138,,10141.56446,10996.99931,3019.743721,7070.043934,41468.65157,7762.023667,8309.981294,7792.768329,432.9981756,8881.790938,7719.620743,9458.145193,15282.43046,13983.16261,9006.86521,1580.752976,13016.20364,4168.241131,13210.73998,5312.73587,19097.63065,2300.349539,4097.861413,5582.835209,12548.71458,-27.69,-27.74680248,-27.73,-27.55,-25.88958374
109,2006,7489.255293,7299.444035,2194.944016,5151.057919,9321.866171,7829.71836,8252.770316,2389.302793,6125.019752,4700.134601,10383.73215,2343.306986,8480.514358,7185.722151,4420.065355,10874.79654,13880.38811,13349.50834,2538.200147,3260.100063,10343.97235,7001.121852,16704.26921,1774.648745,2490.097777,5942.821546,1946.705795,5512.58593,3242.894565,6561.389359,5488.794523,25124.60953,,,,,,126.2166265,,1705.539236,,9302.186669,,,11591.6406,8910.021407,1766.257111,6775.598885,163.4881361,,14104.59491,4187.513922,6988.209907,1754.983192,6769.37982,6614.181938,7524.745803,5542.275049,8374.440241,,8575.01026,11174.82854,3059.819007,4170.440497,46431.29655,6579.04269,5218.176098,4878.800871,1054.538406,5645.460306,10712.08482,8708.794921,20965.78583,14163.66188,7506.174121,2621.027923,12817.40027,5474.579822,9598.601528,5184.573655,18885.89988,2899.058496,5103.138641,7385.729511,12742.52517,-27.85,-27.1772395,-26.27,-27.22,-24.82537964
110,2007,3194.866211,3744.143841,2531.189055,2355.955729,6319.138573,5337.727522,6544.477412,1631.923866,4320.080147,2685.150626,6283.440279,1068.048511,6697.286049,1786.353565,1933.10961,5977.610915,40451.2405,8283.662728,1614.823046,2076.668771,6479.534934,4774.500152,4098.06879,3621.292992,4623.883341,6949.57215,4806.749857,3131.949849,1380.023113,4309.566431,2988.497032,31182.18054,,,,161.0777492,,275.5814501,,5110.763035,,9617.314865,,,15665.96709,10982.30923,1634.320587,6898.887767,292.0207761,,9354.25863,5127.066519,5199.807081,1561.267719,11803.95194,4765.799825,7200.000061,12994.6165,9734.987176,7463.213249,7902.87889,9999.490554,2133.029414,3400.694377,36263.22958,3862.852564,4957.319733,6588.920706,2090.9338,4246.666625,13282.16334,8303.521363,27792.22005,19772.25394,7817.381514,1954.008113,14769.18935,4834.746914,11549.63295,5161.773483,16012.68418,2404.164348,4284.956576,4786.035201,13709.77101,-27.07,-28.12959985,-25.79,-27.33,-24.73347513
111,2008,3850.215633,6911.072811,2750.335689,3441.945499,7661.717954,7546.638368,7806.183684,1965.9303,5149.987013,5444.803712,9954.593362,1711.054804,6635.041799,12439.43142,3290.456707,7126.335054,10060.79063,8608.750337,2670.550419,2714.988876,7735.860428,5490.654629,4805.93518,2698.078562,3069.874586,4489.883482,9559.974202,3311.062099,2348.249402,5039.537161,3624.399681,31326.37104,,1207.012087,,643.54671,242.6563967,1344.814342,,5178.311361,192.6075898,10822.42208,,350.9941251,13803.90601,10459.0132,2940.937874,7488.650285,1632.016606,,9130.115419,4492.89784,12129.82495,1702.425917,9947.964727,6158.709123,8931.000523,15776.74995,12946.48473,13214.35244,8496.543926,14001.23431,3241.176428,8801.356419,35565.7808,4676.495499,9518.112542,8108.769982,2985.586189,7288.668396,8374.857696,5837.312382,24173.39025,17184.80838,8595.902574,2355.46407,17129.90409,6203.326839,11473.26818,5025.07619,17759.13669,4717.356718,2562.383374,3830.87379,13659.05813,-26.72,-29.04356062,-27.68,-28.05,-26.13081452
112,2009,2150.206543,4569.804656,2219.312031,2673.888424,3793.119323,2799.059906,3519.576452,1162.567567,2645.763065,1672.156547,3973.919959,792.1923602,3904.551803,4701.883495,1494.868745,2539.948915,4243.014555,2806.989914,2187.629603,2911.175179,2984.779514,6564.31371,3464.769389,3270.111565,3185.365249,4631.623817,12002.09031,5314.110788,2423.308334,4366.092479,2829.964004,35107.61627,,2213.556131,,3155.969964,937.7017584,2823.048667,946.1053931,5894.279699,499.2515373,16501.45317,,319.5854242,14690.28957,15064.82647,5179.438565,6784.25168,4629.987801,,5278.177251,2968.223863,10719.93378,1136.670791,8254.805,4648.602083,9559.715648,11651.1871,11906.82214,15153.17013,5262.274823,14228.37115,2591.091813,9514.421799,32046.67176,4038.200401,8470.557268,7100.382986,2811.828469,6667.945388,4997.752407,4696.914312,9809.178211,9139.606799,2740.272005,644.0733037,8155.943289,2397.395535,4421.569078,3063.417639,8766.828682,1663.153307,1935.270335,3279.350989,6999.412276,-26.06,-29.72151255,-27.74,-28.33,-27.25816507
113,2010,4024.558632,3890.95832,2123.344606,2401.868661,6246.304015,4119.522192,4908.863745,1381.857803,4067.076947,4557.70965,8045.41986,608.2544979,6261.481552,10636.18614,5263.855358,5206.035288,10106.09906,10538.92664,1892.498713,2485.195699,6527.697034,7023.479625,4663.326131,2680.085279,4296.63375,4727.325557,14102.40836,4000.0052,2800.651939,6251.706549,3889.207573,34574.97136,,3921.250499,,4966.540936,1929.955545,4656.764255,1793.844379,4511.019174,680.4199599,13423.27394,579.1890482,849.9512951,10891.66611,6345.677554,5176.027737,4031.838393,4568.679589,430.0526183,10392.57637,4482.695078,7691.427776,1251.910535,4803.97935,4155.984019,10215.38564,8894.193875,10080.03728,13944.90989,5347.569252,10162.18013,2512.024429,5571.258189,42735.79474,4710.219931,6429.794766,9332.647143,2700.39712,5216.814226,6488.154436,5826.138868,7546.908859,10835.97635,3525.52377,2395.896367,11976.3333,3759.009355,6100.065767,2271.03826,14087.7811,2473.753641,3091.914398,4390.208349,9998.001289,-27.46,-29.43141835,-27.02,-28.19,-25.71500764
114,2011,5711.111024,6054.96745,2642.020674,3743.911866,8432.662938,5409.901341,11757.57456,1673.237223,6569.241204,4706.5967,14515.47037,1051.389022,8287.84513,15565.46471,7121.485692,8487.444209,19399.57981,16973.14477,2792.832955,4042.132324,9825.788314,7352.612506,5747.766247,2310.135098,4382.393386,6510.157742,13287.33848,3992.326519,3853.709398,5780.786837,3763.365142,43812.20303,723.924735,5074.999396,2249.952738,8155.395332,3744.936245,5780.665885,3696.395466,3489.978943,962.26229,16157.2195,1766.454403,1141.629952,14162.18156,8658.953176,7203.177782,4214.765668,3750.364006,2780.909228,5879.591182,4937.38771,6210.154588,1262.529118,8828.830024,4936.724143,8198.617364,8120.389665,9209.287261,13506.854,6470.463751,8382.780478,1816.298158,5145.292029,50073.65329,5271.685967,6215.359327,6997.986543,4495.986339,5392.265366,7879.007247,2184.476984,10695.87891,9281.089367,3877.096042,1517.640893,11964.3671,2703.566296,5872.681029,2261.354835,7957.769802,2362.626022,3743.599592,6894.078052,8236.706465,-28.2,-29.34695196,-26.42,-28.35,-25.86561214
115,2012,7624.5351,4377.586624,2253.942624,4014.042653,9933.682544,8150.803203,13794.97393,2930.271853,9221.954226,5148.370224,18451.75609,1548.836343,10886.28921,13388.07805,8996.26221,7211.120671,24236.41406,16852.20439,2403.815726,3873.593921,10536.9527,6942.962333,4396.311113,3248.21479,6621.479324,5779.723502,13001.58927,2932.938751,2894.782852,5385.710198,3105.639922,34202.98669,2330.307767,5355.932046,4865.098658,9964.101078,4419.413474,6631.510335,3219.073062,2111.903303,858.3673076,6983.915035,2794.380221,2155.489131,18268.88498,7746.451515,6935.074893,4872.391394,4716.349995,5851.791857,15095.23709,5060.704269,6393.649988,1086.409706,6661.721335,5056.009787,10476.78676,9851.487202,8980.785719,5738.202171,5711.399893,9551.378176,2535.398978,9667.865227,49973.61958,5196.487234,5853.413422,9271.882144,4929.58613,6443.443917,7845.777051,2280.841066,11686.39292,14257.92222,3686.953063,2316.294693,10967.01501,2900.513117,4607.229853,2441.047557,10533.69884,1783.881949,3648.523437,4403.507214,9851.789879,-28.84,-27.89340941,-26.67,-27.75,-25.78858227
116,2013,7205.757972,4620.04532,2766.070544,3796.466125,6065.870505,7929.429746,8674.806595,1745.940117,5748.454507,4285.881806,14751.84807,1152.177409,10617.97006,4835.396156,7394.328615,6889.906488,19731.54474,9924.045206,2178.22867,2927.033311,7702.312986,7171.96386,6064.399517,3370.284388,4977.51942,5327.575434,7059.371064,2413.021503,2251.045384,6043.479274,3502.09528,40014.51665,4683.940288,7612.875959,8638.569266,10089.46797,4416.277725,4880.361143,3968.383688,2838.737781,860.5199269,13898.26145,6236.210172,2228.84689,17906.79067,7808.617036,6148.778863,4408.499833,4541.440504,6689.368105,23410.96938,4845.479412,5866.373874,1450.673605,5995.134185,5508.517882,8943.172812,10888.86626,6534.385296,5404.615045,7043.124129,8565.81972,2718.670508,12851.19997,49715.84109,5549.380892,7341.172554,7101.010047,4376.630323,7812.567824,7532.69598,2899.779492,6308.261186,14086.09972,3925.979224,2311.577591,14415.774,3602.099431,6341.180678,3366.359816,17706.41932,2276.344064,3515.084415,3977.389503,12430.84437,-27.68,-27.79382156,-26.83,-27.4,-25.72391169
117,2014,4064.54231,3096.695525,3692.6341,3523.663916,5922.959863,6494.904148,8640.436378,1644.191157,8031.907116,5448.215042,16624.77092,808.1623951,12641.62345,8227.602452,4433.577659,8194.597508,11189.52805,11660.87408,2227.976544,2925.334086,8068.333899,6101.91384,4807.415341,3989.664208,8336.524674,6781.694455,5838.10331,2348.831854,2098.830822,6514.744248,3839.976869,36823.70309,6588.435016,6352.979809,9488.586849,13626.5845,9449.35797,5154.554009,6777.748143,2352.857176,769.143563,11311.14595,4918.235713,3003.563639,17256.00033,10785.23335,7858.646271,5086.194681,4224.854987,7133.194722,21231.55545,6874.827754,9852.023566,1975.428748,7121.904969,5783.058836,8646.218102,15078.75004,7920.257678,3102.577654,8869.667618,10802.58154,2620.005838,11457.16611,44847.35919,8127.823396,7615.667704,9255.825464,5136.60452,8245.929011,7513.590384,2659.585067,4069.302451,11577.57066,3515.259402,1712.767412,12074.13331,3164.45949,6916.461931,2619.115039,22375.14896,3254.72618,4167.986536,3126.902315,12548.70987,-28.13,-26.91371854,-26.79,-27.53,-25.66070503
118,2015,3205.997502,3214.965178,2228.230636,2758.649097,5970.822656,4189.774361,5829.793671,1235.612581,4488.262545,3504.831262,10396.16174,1139.8924,5276.47677,7396.183726,2939.867219,8616.629169,13233.43604,9660.498004,1868.359186,1955.879434,7109.431047,3937.200836,6363.179084,4513.480801,5818.462638,4605.514794,6199.106235,2070.022417,1222.568374,6118.595069,5108.556569,10109.1425,7055.857193,6759.681472,8422.0174,14632.67917,8689.454428,4930.187117,5420.863865,2754.538386,862.6159975,20795.9747,3264.710413,3309.072529,11512.4888,7201.955388,8320.254302,2660.098529,3448.850877,4549.905808,8417.538745,6284.246914,9105.050222,845.5024857,8881.202133,5368.353526,8174.221012,9013.582689,7552.788852,1679.239267,11939.53246,6389.373652,2159.074882,16054.28214,56348.49151,5153.460704,6108.158635,6371.569304,4270.526487,8171.063751,4882.231019,4749.388397,1673.880778,5503.557621,2540.131975,1547.476913,6135.640345,1846.779084,3092.33157,1611.712807,16915.9172,2661.860585,2304.226013,2075.321404,7714.835296,-28.56,-26.67431556,-27.6,-27.59,-26.20478181
119,2016,8279.778337,3235.640314,2723.389871,3057.557312,6697.687073,4580.092744,9449.883559,1042.900533,6058.046902,6487.638775,14963.26104,1117.892329,8369.810413,7117.71798,5024.179485,8989.042201,22505.10032,17886.18471,2684.447254,1532.503831,9538.251683,5503.541128,6959.048764,4122.492253,15190.93902,6912.174662,13589.96308,2573.366507,1475.656335,7072.714979,5686.564221,35978.71891,13557.73662,8457.906577,10616.24143,20693.91032,9497.804345,10466.47982,5391.40358,3777.518865,719.0191381,18803.81835,4880.235951,6486.528976,16346.98143,10940.04852,8379.872934,5469.178199,4616.002436,10240.13938,15385.73702,6796.530972,6026.503679,809.3622322,8322.9283,6046.155911,5832.282127,8592.746499,5578.304404,1461.369785,10909.79461,3583.87455,1436.931713,19518.95241,38989.14642,7697.700751,6025.996814,4728.492784,5342.209192,9822.201472,4495.119888,5905.778305,2043.521826,7803.022488,2410.683813,2446.159651,7078.506128,2607.737856,3446.09482,2560.945561,24229.97794,3067.622975,4566.528855,3048.547727,10919.50885,-28.9,-26.57275224,-26.84,-27.39,-24.66354567
120,2017,9913.216136,6260.785752,5451.280451,6148.610725,6447.484288,5624.321322,8154.147806,1828.168949,7983.859849,6445.557267,20118.35575,1890.714508,12512.87821,8480.78466,8271.172886,8275.920304,23957.46601,14773.12388,4627.157509,5936.019715,8780.212448,8503.869397,20756.06573,4443.104099,13521.04552,11981.20415,14188.91023,3069.885801,4131.473941,7592.226962,8183.381551,35468.7208,16612.10861,10902.43499,15297.48529,18467.51463,8699.759386,12990.54594,9996.275385,6965.05417,2044.979211,23554.71616,4215.315195,11019.77712,15687.81686,12421.79703,8036.390357,8977.307976,4969.906681,13459.26245,20706.36599,4748.461753,10784.8639,1405.601018,8736.555416,4920.952719,10715.43118,15737.44055,9561.234734,3126.983525,14176.50681,5832.493682,2289.481388,29893.61139,61404.38085,14956.96922,6350.739854,7788.863487,7880.085756,14030.5683,5665.489444,4323.284572,5468.080244,7198.811283,3001.221581,3422.914736,8526.544534,3324.371142,3561.616366,2417.035359,18823.27034,3790.950305,8401.643292,6363.244398,10737.56736,-28.23,-26.45557715,-27.77,-27.75,-24.78098769
121,2018,9403.537339,9699.260482,4717.871939,9960.744726,7370.869903,10411.41775,13763.85978,1843.264301,5966.203132,6692.193119,16934.0337,2148.767945,12244.79468,6975.829518,5390.438609,9022.389736,19994.41386,16386.77844,4706.606911,6192.863639,10797.86396,5230.461956,22926.75059,4755.738938,13301.78594,6589.057271,7150.84199,2011.09682,3308.903825,9188.748534,6145.759258,38461.24614,21509.35393,9463.691361,12454.86292,17392.21344,7610.841432,10822.56301,9049.502843,9518.050276,3440.831867,19941.7384,3664.315972,12559.86909,21557.12907,12927.508,8727.776675,11218.59937,4635.393822,10704.76837,10849.16476,3245.047185,13661.12518,2753.504016,7485.351676,4137.153627,7199.108037,14992.0779,6557.578041,2345.682564,19601.19525,7580.356454,2394.432794,30670.05124,35090.69182,9642.682974,5486.13661,8445.640135,9325.864288,12484.00611,2901.622413,4042.468977,4515.75324,7922.279858,4669.73143,2586.223161,10556.10437,2497.952073,2053.481838,2193.448964,18935.20705,3681.89733,8101.763445,3963.556065,11378.83868,-28.62,-27.44527306,-28.15,-27.87,-25.14946875
122,2019,10779.06797,12284.46168,6280.105038,7825.487389,7485.155578,7669.935952,10453.89435,1942.641831,8554.634205,7596.165105,15080.89189,1956.273264,14002.55334,11874.596,7115.982564,8239.714548,13789.47746,10640.45575,5144.02204,5596.454265,8508.815458,4998.641478,20439.56412,6004.788299,10532.31915,8341.194148,10804.70211,4270.952487,4469.82724,9031.355056,5348.072881,38392.13914,19285.77392,10262.77983,11032.21217,15724.28937,5790.411797,10156.59312,6755.633341,16556.37707,2356.085163,18400.81943,4698.763265,13906.58409,25434.41266,12222.38632,11190.52896,10956.08497,4639.830065,10791.72419,17442.41961,5314.700904,11570.80744,3306.110792,9539.388036,5177.294428,8198.343417,15515.32976,5606.596268,2672.283353,12325.86589,6284.402988,2688.600346,27977.49296,42564.6693,5892.03745,2929.006357,13188.94804,9619.489161,10493.9578,4102.299541,4225.283343,5916.567414,8996.656479,5538.297258,3436.947916,13001.70745,3886.692131,2117.775756,2533.361152,23347.82124,4287.901819,9039.730919,7425.0052,13596.47902,-28.36,-27.1032773,-28.51,-27.96,-26.22771489
